USE PokemonProject
GO

SET IDENTITY_INSERT Pokemon.Generation ON ;
INSERT Pokemon.Generation(GenerationNum, [Name])
VALUES
    (0, N'User Created Generation'),
    (1, N'Science'),
    (2, N'Cultural Traditions'),
    (3, N'The Environment'),
    (4, N'Time and Space'),
    (5, N'Truth and Ideals'),
    (6, N'Life, Death and the Ecosystem'),
    (7, N'Day and Night'),
    (8, N'England and Its Culture'),
    (9, N'Past Vs. the Future');
SET IDENTITY_INSERT Pokemon.Generation OFF ;

SET IDENTITY_INSERT Pokemon.Element ON;
INSERT Pokemon.Element(ElementID, [Name])
VALUES
    (1, N'normal'),
    (2, N'fire'),
    (3, N'water'),
    (4, N'electric'),
    (5, N'grass'),
    (6, N'ice'),
    (7, N'fighting'),
    (8, N'poison'),
    (9, N'ground'),
    (10, N'flying'),
    (11, N'psychic'),
    (12, N'bug'),
    (13, N'rock'),
    (14, N'ghost'),
    (15, N'dragon'),
    (16, N'dark'),
    (17, N'steel'),
    (18, N'fairy');
SET IDENTITY_INSERT Pokemon.Element OFF;

SET IDENTITY_INSERT Pokemon.Creatures ON;
INSERT Pokemon.Creatures(CreatureID, [Name], BaseHP, Attack, Defense, Speed, GenerationNum)
VALUES
      (1, N'Bulbasaur', 45, 49, 49, 45, 1),
 (2, N'Ivysaur', 60, 62, 63, 60, 1),
 (3, N'Venusaur', 80, 82, 83, 80, 1),
 (4, N'Charmander', 39, 52, 43, 65, 1),
 (5, N'Charmeleon', 58, 64, 58, 80, 1),
 (6, N'Charizard', 78, 84, 78, 100, 1),
 (7, N'Squirtle', 44, 48, 65, 43, 1),
 (8, N'Wartortle', 59, 63, 80, 58, 1),
 (9, N'Blastoise', 79, 83, 100, 78, 1),
 (10, N'Caterpie', 45, 30, 35, 45, 1),
 (11, N'Metapod', 50, 20, 55, 30, 1),
 (12, N'Butterfree', 60, 45, 50, 70, 1),
 (13, N'Weedle', 40, 35, 30, 50, 1),
 (14, N'Kakuna', 45, 25, 50, 35, 1),
 (15, N'Beedrill', 65, 90, 40, 75, 1),
 (16, N'Pidgey', 40, 45, 40, 56, 1),
 (17, N'Pidgeotto', 63, 60, 55, 71, 1),
 (18, N'Pidgeot', 83, 80, 75, 101, 1),
 (19, N'Rattata', 30, 56, 35, 72, 1),
 (20, N'Raticate', 55, 81, 60, 97, 1),
 (21, N'Spearow', 40, 60, 30, 70, 1),
 (22, N'Fearow', 65, 90, 65, 100, 1),
 (23, N'Ekans', 35, 60, 44, 55, 1),
 (24, N'Arbok', 60, 85, 69, 80, 1),
 (25, N'Pikachu', 35, 55, 40, 90, 1),
 (26, N'Raichu', 60, 90, 55, 110, 1),
 (27, N'Sandshrew', 50, 75, 85, 40, 1),
 (28, N'Sandslash', 75, 100, 110, 65, 1),
 (29, N'Nidorana', 55, 47, 52, 41, 1),
 (30, N'Nidorina', 70, 62, 67, 56, 1),
 (31, N'Nidoqueen', 90, 92, 87, 76, 1),
 (32, N'Nidorino', 61, 72, 57, 65, 1),
 (33, N'Nidoking', 81, 102, 77, 85, 1),
 (34, N'Clefairy', 70, 45, 48, 35, 1),
 (35, N'Clefable', 95, 70, 73, 60, 1),
 (36, N'Vulpix', 38, 41, 40, 65, 1),
 (37, N'Ninetales', 73, 76, 75, 100, 1),
 (38, N'Jigglypuff', 115, 45, 20, 20, 1),
 (39, N'Wigglytuff', 140, 70, 45, 45, 1),
 (40, N'Zubat', 40, 45, 35, 55, 1),
 (41, N'Golbat', 75, 80, 70, 90, 1),
 (42, N'Oddish', 45, 50, 55, 30, 1),
 (43, N'Gloom', 60, 65, 70, 40, 1),
 (44, N'Vileplume', 75, 80, 85, 50, 1),
 (45, N'Paras', 35, 70, 55, 25, 1),
 (46, N'Parasect', 60, 95, 80, 30, 1),
 (47, N'Venonat', 60, 55, 50, 45, 1),
 (48, N'Venomoth', 70, 65, 60, 90, 1),
 (49, N'Diglett', 10, 55, 25, 95, 1),
 (50, N'Dugtrio', 35, 80, 50, 120, 1),
 (51, N'Meowth', 40, 45, 35, 90, 1),
 (52, N'Persian', 65, 70, 60, 115, 1),
 (53, N'Psyduck', 50, 52, 48, 55, 1),
 (54, N'Golduck', 80, 82, 78, 85, 1),
 (55, N'Mankey', 40, 80, 35, 70, 1),
 (56, N'Primeape', 65, 105, 60, 95, 1),
 (57, N'Growlithe', 55, 70, 45, 60, 1),
 (58, N'Arcanine', 90, 110, 80, 95, 1),
 (59, N'Poliwag', 40, 50, 40, 90, 1),
 (60, N'Poliwhirl', 65, 65, 65, 90, 1),
 (61, N'Poliwrath', 90, 95, 95, 70, 1),
 (62, N'Abra', 25, 20, 15, 90, 1),
 (63, N'Kadabra', 40, 35, 30, 105, 1),
 (64, N'Alakazam', 55, 50, 45, 120, 1),
 (65, N'Machop', 70, 80, 50, 35, 1),
 (66, N'Machoke', 80, 100, 70, 45, 1),
 (67, N'Machamp', 90, 130, 80, 55, 1),
 (68, N'Bellsprout', 50, 75, 35, 40, 1),
 (69, N'Weepinbell', 65, 90, 50, 55, 1),
 (70, N'Victreebel', 80, 105, 65, 70, 1),
 (71, N'Tentacool', 40, 40, 35, 70, 1),
 (72, N'Tentacruel', 80, 70, 65, 100, 1),
 (73, N'Geodude', 40, 80, 100, 20, 1),
 (74, N'Graveler', 55, 95, 115, 35, 1),
 (75, N'Golem', 80, 120, 130, 45, 1),
 (76, N'Ponyta', 50, 85, 55, 90, 1),
 (77, N'Rapidash', 65, 100, 70, 105, 1),
 (78, N'Slowpoke', 90, 65, 65, 15, 1),
 (79, N'Slowbro', 95, 75, 110, 30, 1),
 (80, N'Magnemite', 25, 35, 70, 45, 1),
 (81, N'Magneton', 50, 60, 95, 70, 1),
 (82, N'Farfetch', 52, 65, 55, 60, 1),
 (83, N'Doduo', 35, 85, 45, 75, 1),
 (84, N'Dodrio', 60, 110, 70, 100, 1),
 (85, N'Seel', 65, 45, 55, 45, 1),
 (86, N'Dewgong', 90, 70, 80, 70, 1),
 (87, N'Grimer', 80, 80, 50, 25, 1),
 (88, N'Muk', 105, 105, 75, 50, 1),
 (89, N'Shellder', 30, 65, 100, 40, 1),
 (90, N'Cloyster', 50, 95, 180, 70, 1),
 (91, N'Gastly', 30, 35, 30, 80, 1),
 (92, N'Haunter', 45, 50, 45, 95, 1),
 (93, N'Gengar', 60, 65, 60, 110, 1),
 (94, N'Onix', 35, 45, 160, 70, 1),
 (95, N'Drowzee', 60, 48, 45, 42, 1),
 (96, N'Hypno', 85, 73, 70, 67, 1),
 (97, N'Krabby', 30, 105, 90, 50, 1),
 (98, N'Kingler', 55, 130, 115, 75, 1),
 (99, N'Voltorb', 40, 30, 50, 100, 1),
 (100, N'Electrode', 60, 50, 70, 140, 1),
 (101, N'Exeggcute', 60, 40, 80, 40, 1),
 (102, N'Exeggutor', 95, 95, 85, 55, 1),
 (103, N'Cubone', 50, 50, 95, 35, 1),
 (104, N'Marowak', 60, 80, 110, 45, 1),
 (105, N'Hitmonlee', 50, 120, 53, 87, 1),
 (106, N'Hitmonchan', 50, 105, 79, 76, 1),
 (107, N'Lickitung', 90, 55, 75, 30, 1),
 (108, N'Koffing', 40, 65, 95, 35, 1),
 (109, N'Weezing', 65, 90, 120, 60, 1),
 (110, N'Rhyhorn', 80, 85, 95, 25, 1),
 (111, N'Rhydon', 105, 130, 120, 40, 1),
 (112, N'Chansey', 250, 5, 5, 50, 1),
 (113, N'Tangela', 65, 55, 115, 60, 1),
 (114, N'Kangaskhan', 105, 95, 80, 90, 1),
 (115, N'Horsea', 30, 40, 70, 60, 1),
 (116, N'Seadra', 55, 65, 95, 85, 1),
 (117, N'Goldeen', 45, 67, 60, 63, 1),
 (118, N'Seaking', 80, 92, 65, 68, 1),
 (119, N'Staryu', 30, 45, 55, 85, 1),
 (120, N'Starmie', 60, 75, 85, 115, 1),
 (121, N'Mr. Mime', 40, 45, 65, 90, 1),
 (122, N'Scyther', 70, 110, 80, 105, 1),
 (123, N'Jynx', 65, 50, 35, 95, 1),
 (124, N'Electabuzz', 65, 83, 57, 105, 1),
 (125, N'Magmar', 65, 95, 57, 93, 1),
 (126, N'Pinsir', 65, 125, 100, 85, 1),
 (127, N'Tauros', 75, 100, 95, 110, 1),
 (128, N'Magikarp', 20, 10, 55, 80, 1),
 (129, N'Gyarados', 95, 125, 79, 81, 1),
 (130, N'Lapras', 130, 85, 80, 60, 1),
 (131, N'Ditto', 48, 48, 48, 48, 1),
 (132, N'Eevee', 55, 55, 50, 55, 1),
 (133, N'Vaporeon', 130, 65, 60, 65, 1),
 (134, N'Jolteon', 65, 65, 60, 130, 1),
 (135, N'Flareon', 65, 130, 60, 65, 1),
 (136, N'Porygon', 65, 60, 70, 40, 1),
 (137, N'Omanyte', 35, 40, 100, 35, 1),
 (138, N'Omastar', 70, 60, 125, 55, 1),
 (139, N'Kabuto', 30, 80, 90, 55, 1),
 (140, N'Kabutops', 60, 115, 105, 80, 1),
 (141, N'Aerodactyl', 80, 105, 65, 130, 1),
 (142, N'Snorlax', 160, 110, 65, 30, 1),
 (143, N'Articuno', 90, 85, 100, 85, 1),
 (144, N'Zapdos', 90, 90, 85, 100, 1),
 (145, N'Moltres', 90, 100, 90, 90, 1),
 (146, N'Dratini', 41, 64, 45, 50, 1),
 (147, N'Dragonair', 61, 84, 65, 70, 1),
 (148, N'Dragonite', 91, 134, 95, 80, 1),
 (149, N'Mewtwo', 106, 110, 90, 130, 1),
 (150, N'Mew', 100, 100, 100, 100, 1),
 (151, N'Chikorita', 45, 49, 65, 45, 2),
 (152, N'Bayleef', 60, 62, 80, 60, 2),
 (153, N'Cyndaquil', 39, 52, 43, 65, 2),
 (154, N'Quilava', 58, 64, 58, 80, 2),
 (155, N'Typhlosion', 78, 84, 78, 100, 2),
 (156, N'Totodile', 50, 65, 64, 43, 2),
 (157, N'Croconaw', 65, 80, 80, 58, 2),
 (158, N'Feraligatr', 85, 105, 100, 78, 2),
 (159, N'Sentret', 35, 46, 34, 20, 2),
 (160, N'Furret', 85, 76, 64, 90, 2),
 (161, N'Hoothoot', 60, 30, 30, 50, 2),
 (162, N'Noctowl', 100, 50, 50, 70, 2),
 (163, N'Ledyba', 40, 20, 30, 55, 2),
 (164, N'Ledian', 55, 35, 50, 85, 2),
 (165, N'Spinarak', 40, 60, 40, 30, 2),
 (166, N'Ariados', 70, 90, 70, 40, 2),
 (167, N'Crobat', 85, 90, 80, 130, 2),
 (168, N'Chinchou', 75, 38, 38, 67, 2),
 (169, N'Lanturn', 125, 58, 58, 67, 2),
 (170, N'Pichu', 20, 40, 15, 60, 2),
 (171, N'Cleffa', 50, 25, 28, 15, 2),
 (172, N'Igglybuff', 90, 30, 15, 15, 2),
 (173, N'Togepi', 35, 20, 65, 20, 2),
 (174, N'Togetic', 55, 40, 85, 40, 2),
 (175, N'Natu', 40, 50, 45, 70, 2),
 (176, N'Xatu', 65, 75, 70, 95, 2),
 (177, N'Mareep', 55, 40, 40, 35, 2),
 (178, N'Flaaffy', 70, 55, 55, 45, 2),
 (179, N'Ampharos', 90, 75, 85, 55, 2),
 (180, N'Bellossom', 75, 80, 95, 50, 2),
 (181, N'Marill', 70, 20, 50, 40, 2),
 (182, N'Azumarill', 100, 50, 80, 50, 2),
 (183, N'Sudowoodo', 70, 100, 115, 30, 2),
 (184, N'Politoed', 90, 75, 75, 70, 2),
 (185, N'Hoppip', 35, 35, 40, 50, 2),
 (186, N'Skiploom', 55, 45, 50, 80, 2),
 (187, N'Jumpluff', 75, 55, 70, 110, 2),
 (188, N'Aipom', 55, 70, 55, 85, 2),
 (189, N'Sunkern', 30, 30, 30, 30, 2),
 (190, N'Sunflora', 75, 75, 55, 30, 2),
 (191, N'Yanma', 65, 65, 45, 95, 2),
 (192, N'Wooper', 55, 45, 45, 15, 2),
 (193, N'Quagsire', 95, 85, 85, 35, 2),
 (194, N'Espeon', 65, 65, 60, 110, 2),
 (195, N'Umbreon', 95, 65, 110, 65, 2),
 (196, N'Murkrow', 60, 85, 42, 91, 2),
 (197, N'Slowking', 95, 75, 80, 30, 2),
 (198, N'Misdreavus', 60, 60, 60, 85, 2),
 (199, N'Unown', 48, 72, 48, 48, 2),
 (200, N'Wobbuffet', 190, 33, 58, 33, 2),
 (201, N'Girafarig', 70, 80, 65, 85, 2),
 (202, N'Pineco', 50, 65, 90, 15, 2),
 (203, N'Forretress', 75, 90, 140, 40, 2),
 (204, N'Dunsparce', 100, 70, 70, 45, 2),
 (205, N'Gligar', 65, 75, 105, 85, 2),
 (206, N'Steelix', 75, 85, 200, 30, 2),
 (207, N'Snubbull', 60, 80, 50, 30, 2),
 (208, N'Granbull', 90, 120, 75, 45, 2),
 (209, N'Qwilfish', 65, 95, 75, 85, 2),
 (210, N'Scizor', 70, 130, 100, 65, 2),
 (211, N'Shuckle', 20, 10, 230, 5, 2),
 (212, N'Heracross', 80, 125, 75, 85, 2),
 (213, N'Sneasel', 55, 95, 55, 115, 2),
 (214, N'Teddiursa', 60, 80, 50, 40, 2),
 (215, N'Ursaring', 90, 130, 75, 55, 2),
 (216, N'Slugma', 40, 40, 40, 20, 2),
 (217, N'Magcargo', 50, 50, 120, 30, 2),
 (218, N'Swinub', 50, 50, 40, 50, 2),
 (219, N'Piloswine', 100, 100, 80, 50, 2),
 (220, N'Corsola', 55, 55, 85, 35, 2),
 (221, N'Remoraid', 35, 65, 35, 65, 2),
 (222, N'Octillery', 75, 105, 75, 45, 2),
 (223, N'Delibird', 45, 55, 45, 75, 2),
 (224, N'Mantine', 65, 40, 70, 70, 2),
 (225, N'Skarmory', 65, 80, 140, 70, 2),
 (226, N'Houndour', 45, 60, 30, 65, 2),
 (227, N'Houndoom', 75, 90, 50, 95, 2),
 (228, N'Kingdra', 75, 95, 95, 85, 2),
 (229, N'Phanpy', 90, 60, 60, 40, 2),
 (230, N'Donphan', 90, 120, 120, 50, 2),
 (231, N'Porygon2', 85, 80, 90, 60, 2),
 (232, N'Stantler', 73, 95, 62, 85, 2),
 (233, N'Smeargle', 55, 20, 35, 75, 2),
 (234, N'Tyrogue', 35, 35, 35, 35, 2),
 (235, N'Hitmontop', 50, 95, 95, 70, 2),
 (236, N'Smoochum', 45, 30, 15, 65, 2),
 (237, N'Elekid', 45, 63, 37, 95, 2),
 (238, N'Magby', 45, 75, 37, 83, 2),
 (239, N'Miltank', 95, 80, 105, 100, 2),
 (240, N'Blissey', 255, 10, 10, 55, 2),
 (241, N'Raikou', 90, 85, 75, 115, 2),
 (242, N'Entei', 115, 115, 85, 100, 2),
 (243, N'Suicune', 100, 75, 115, 85, 2),
 (244, N'Larvitar', 50, 64, 50, 41, 2),
 (245, N'Pupitar', 70, 84, 70, 51, 2),
 (246, N'Tyranitar', 100, 134, 110, 61, 2),
 (247, N'Lugia', 106, 90, 130, 110, 2),
 (248, N'Ho-oh', 106, 130, 90, 90, 2),
 (249, N'Celebi', 100, 100, 100, 100, 2),
 (250, N'Treecko', 40, 45, 35, 70, 3),
 (251, N'Grovyle', 50, 65, 45, 95, 3),
 (252, N'Sceptile', 70, 85, 65, 120, 3),
 (253, N'Torchic', 45, 60, 40, 45, 3),
 (254, N'Combusken', 60, 85, 60, 55, 3),
 (255, N'Blaziken', 80, 120, 70, 80, 3),
 (256, N'Mudkip', 50, 70, 50, 40, 3),
 (257, N'Marshtomp', 70, 85, 70, 50, 3),
 (258, N'Swampert', 100, 110, 90, 60, 3),
 (259, N'Poochyena', 35, 55, 35, 35, 3),
 (260, N'Mightyena', 70, 90, 70, 70, 3),
 (261, N'Zigzagoon', 38, 30, 41, 60, 3),
 (262, N'Linoone', 78, 70, 61, 100, 3),
 (263, N'Wurmple', 45, 45, 35, 20, 3),
 (264, N'Silcoon', 50, 35, 55, 15, 3),
 (265, N'Beautifly', 60, 70, 50, 65, 3),
 (266, N'Cascoon', 50, 35, 55, 15, 3),
 (267, N'Dustox', 60, 50, 70, 65, 3),
 (268, N'Lotad', 40, 30, 30, 30, 3),
 (269, N'Lombre', 60, 50, 50, 50, 3),
 (270, N'Ludicolo', 80, 70, 70, 70, 3),
 (271, N'Seedot', 40, 40, 50, 30, 3),
 (272, N'Nuzleaf', 70, 70, 40, 60, 3),
 (273, N'Shiftry', 90, 100, 60, 80, 3),
 (274, N'Taillow', 40, 55, 30, 85, 3),
 (275, N'Swellow', 60, 85, 60, 125, 3),
 (276, N'Wingull', 40, 30, 30, 85, 3),
 (277, N'Pelipper', 60, 50, 100, 65, 3),
 (278, N'Ralts', 28, 25, 25, 40, 3),
 (279, N'Kirlia', 38, 35, 35, 50, 3),
 (280, N'Gardevoir', 68, 65, 65, 80, 3),
 (281, N'Surskit', 40, 30, 32, 65, 3),
 (282, N'Masquerain', 70, 60, 62, 60, 3),
 (283, N'Shroomish', 60, 40, 60, 35, 3),
 (284, N'Breloom', 60, 130, 80, 70, 3),
 (285, N'Slakoth', 60, 60, 60, 30, 3),
 (286, N'Vigoroth', 80, 80, 80, 90, 3),
 (287, N'Slaking', 150, 160, 100, 100, 3),
 (288, N'Nincada', 31, 45, 90, 40, 3),
 (289, N'Ninjask', 61, 90, 45, 160, 3),
 (290, N'Shedinja', 1, 90, 45, 40, 3),
 (291, N'Whismur', 64, 51, 23, 28, 3),
 (292, N'Loudred', 84, 71, 43, 48, 3),
 (293, N'Exploud', 104, 91, 63, 68, 3),
 (294, N'Makuhita', 72, 60, 30, 25, 3),
 (295, N'Hariyama', 144, 120, 60, 50, 3),
 (296, N'Azurill', 50, 20, 40, 20, 3),
 (297, N'Nosepass', 30, 45, 135, 30, 3),
 (298, N'Skitty', 50, 45, 45, 50, 3),
 (299, N'Delcatty', 70, 65, 65, 70, 3),
 (300, N'Sableye', 50, 75, 75, 50, 3),
 (301, N'Mawile', 50, 85, 85, 50, 3),
 (302, N'Aron', 50, 70, 100, 30, 3),
 (303, N'Lairon', 60, 90, 140, 40, 3),
 (304, N'Aggron', 70, 110, 180, 50, 3),
 (305, N'Meditite', 30, 40, 55, 60, 3),
 (306, N'Medicham', 60, 60, 75, 80, 3),
 (307, N'Electrike', 40, 45, 40, 65, 3),
 (308, N'Manectric', 70, 75, 60, 105, 3),
 (309, N'Plusle', 60, 50, 40, 95, 3),
 (310, N'Minun', 60, 40, 50, 95, 3),
 (311, N'Volbeat', 65, 73, 55, 85, 3),
 (312, N'Illumise', 65, 47, 55, 85, 3),
 (313, N'Roselia', 50, 60, 45, 65, 3),
 (314, N'Gulpin', 70, 43, 53, 40, 3),
 (315, N'Swalot', 100, 73, 83, 55, 3),
 (316, N'Carvanha', 45, 90, 20, 65, 3),
 (317, N'Sharpedo', 70, 120, 40, 95, 3),
 (318, N'Wailmer', 130, 70, 35, 60, 3),
 (319, N'Wailord', 170, 90, 45, 60, 3),
 (320, N'Numel', 60, 60, 40, 35, 3),
 (321, N'Camerupt', 70, 100, 70, 40, 3),
 (322, N'Torkoal', 70, 85, 140, 20, 3),
 (323, N'Spoink', 60, 25, 35, 60, 3),
 (324, N'Grumpig', 80, 45, 65, 80, 3),
 (325, N'Spinda', 60, 60, 60, 60, 3),
 (326, N'Trapinch', 45, 100, 45, 10, 3),
 (327, N'Vibrava', 50, 70, 50, 70, 3),
 (328, N'Flygon', 80, 100, 80, 100, 3),
 (329, N'Cacnea', 50, 85, 40, 35, 3),
 (330, N'Cacturne', 70, 115, 60, 55, 3),
 (331, N'Swablu', 45, 40, 60, 50, 3),
 (332, N'Altaria', 75, 70, 90, 80, 3),
 (333, N'Zangoose', 73, 115, 60, 90, 3),
 (334, N'Seviper', 73, 100, 60, 65, 3),
 (335, N'Lunatone', 70, 55, 65, 70, 3),
 (336, N'Solrock', 70, 95, 85, 70, 3),
 (337, N'Barboach', 50, 48, 43, 60, 3),
 (338, N'Whiscash', 110, 78, 73, 60, 3),
 (339, N'Corphish', 43, 80, 65, 35, 3),
 (340, N'Crawdaunt', 63, 120, 85, 55, 3),
 (341, N'Baltoy', 40, 40, 55, 55, 3),
 (342, N'Claydol', 60, 70, 105, 75, 3),
 (343, N'Lileep', 66, 41, 77, 23, 3),
 (344, N'Cradily', 86, 81, 97, 43, 3),
 (345, N'Anorith', 45, 95, 50, 75, 3),
 (346, N'Armaldo', 75, 125, 100, 45, 3),
 (347, N'Feebas', 20, 15, 20, 80, 3),
 (348, N'Milotic', 95, 60, 79, 81, 3),
 (349, N'Castform', 70, 70, 70, 70, 3),
 (350, N'Kecleon', 60, 90, 70, 40, 3),
 (351, N'Shuppet', 44, 75, 35, 45, 3),
 (352, N'Banette', 64, 115, 65, 65, 3),
 (353, N'Duskull', 20, 40, 90, 25, 3),
 (354, N'Dusclops', 40, 70, 130, 25, 3),
 (355, N'Tropius', 99, 68, 83, 51, 3),
 (356, N'Chimecho', 65, 50, 70, 65, 3),
 (357, N'Absol', 65, 130, 60, 75, 3),
 (358, N'Wynaut', 95, 23, 48, 23, 3),
 (359, N'Snorunt', 50, 50, 50, 50, 3),
 (360, N'Glalie', 80, 80, 80, 80, 3),
 (361, N'Spheal', 70, 40, 50, 25, 3),
 (362, N'Sealeo', 90, 60, 70, 45, 3),
 (363, N'Walrein', 110, 80, 90, 65, 3),
 (364, N'Clamperl', 35, 64, 85, 32, 3),
 (365, N'Huntail', 55, 104, 105, 52, 3),
 (366, N'Gorebyss', 55, 84, 105, 52, 3),
 (367, N'Relicanth', 100, 90, 130, 55, 3),
 (368, N'Luvdisc', 43, 30, 55, 97, 3),
 (369, N'Bagon', 45, 75, 60, 50, 3),
 (370, N'Shelgon', 65, 95, 100, 50, 3),
 (371, N'Salamence', 95, 135, 80, 100, 3),
 (372, N'Beldum', 40, 55, 80, 30, 3),
 (373, N'Metang', 60, 75, 100, 50, 3),
 (374, N'Metagross', 80, 135, 130, 70, 3),
 (375, N'Regirock', 80, 100, 200, 50, 3),
 (376, N'Regice', 80, 50, 100, 50, 3),
 (377, N'Registeel', 80, 75, 150, 50, 3),
 (378, N'Latias', 80, 80, 90, 110, 3),
 (379, N'Latios', 80, 90, 80, 110, 3),
 (380, N'Kyogre', 100, 100, 90, 90, 3),
 (381, N'Rayquaza', 105, 150, 90, 95, 3),
 (382, N'Jirachi', 100, 100, 100, 100, 3),
 (383, N'Deoxys', 50, 150, 50, 150, 3),
 (384, N'Turtwig', 55, 68, 64, 31, 4),
 (385, N'Grotle', 75, 89, 85, 36, 4),
 (386, N'Torterra', 95, 109, 105, 56, 4),
 (387, N'Chimchar', 44, 58, 44, 61, 4),
 (388, N'Monferno', 64, 78, 52, 81, 4),
 (389, N'Infernape', 76, 104, 71, 108, 4),
 (390, N'Piplup', 53, 51, 53, 40, 4),
 (391, N'Prinplup', 64, 66, 68, 50, 4),
 (392, N'Empoleon', 84, 86, 88, 60, 4),
 (393, N'Starly', 40, 55, 30, 60, 4),
 (394, N'Staravia', 55, 75, 50, 80, 4),
 (395, N'Staraptor', 85, 120, 70, 100, 4),
 (396, N'Bidoof', 59, 45, 40, 31, 4),
 (397, N'Bibarel', 79, 85, 60, 71, 4),
 (398, N'Kricketot', 37, 25, 41, 25, 4),
 (399, N'Kricketune', 77, 85, 51, 65, 4),
 (400, N'Shinx', 45, 65, 34, 45, 4),
 (401, N'Luxio', 60, 85, 49, 60, 4),
 (402, N'Luxray', 80, 120, 79, 70, 4),
 (403, N'Budew', 40, 30, 35, 55, 4),
 (404, N'Roserade', 60, 70, 65, 90, 4),
 (405, N'Cranidos', 67, 125, 40, 58, 4),
 (406, N'Rampardos', 97, 165, 60, 58, 4),
 (407, N'Shieldon', 30, 42, 118, 30, 4),
 (408, N'Bastiodon', 60, 52, 168, 30, 4),
 (409, N'Burmy', 40, 29, 45, 36, 4),
 (410, N'WormadamPlant Cloak', 60, 59, 85, 36, 4),
 (411, N'Mothim', 70, 94, 50, 66, 4),
 (412, N'Combee', 30, 30, 42, 70, 4),
 (413, N'Vespiquen', 70, 80, 102, 40, 4),
 (414, N'Pachirisu', 60, 45, 70, 95, 4),
 (415, N'Buizel', 55, 65, 35, 85, 4),
 (416, N'Floatzel', 85, 105, 55, 115, 4),
 (417, N'Cherubi', 45, 35, 45, 35, 4),
 (418, N'Cherrim', 70, 60, 70, 85, 4),
 (419, N'Shellos', 76, 48, 48, 34, 4),
 (420, N'Gastrodon', 111, 83, 68, 39, 4),
 (421, N'Ambipom', 75, 100, 66, 115, 4),
 (422, N'Drifloon', 90, 50, 34, 70, 4),
 (423, N'Drifblim', 150, 80, 44, 80, 4),
 (424, N'Buneary', 55, 66, 44, 85, 4),
 (425, N'Lopunny', 65, 76, 84, 105, 4),
 (426, N'Mismagius', 60, 60, 60, 105, 4),
 (427, N'Honchkrow', 100, 125, 52, 71, 4),
 (428, N'Glameow', 49, 55, 42, 85, 4),
 (429, N'Purugly', 71, 82, 64, 112, 4),
 (430, N'Chingling', 45, 30, 50, 45, 4),
 (431, N'Stunky', 63, 63, 47, 74, 4),
 (432, N'Skuntank', 103, 93, 67, 84, 4),
 (433, N'Bronzor', 57, 24, 86, 23, 4),
 (434, N'Bronzong', 67, 89, 116, 33, 4),
 (435, N'Bonsly', 50, 80, 95, 10, 4),
 (436, N'Mime Jr.', 20, 25, 45, 60, 4),
 (437, N'Happiny', 100, 5, 5, 30, 4),
 (438, N'Chatot', 76, 65, 45, 91, 4),
 (439, N'Spiritomb', 50, 92, 108, 35, 4),
 (440, N'Gible', 58, 70, 45, 42, 4),
 (441, N'Gabite', 68, 90, 65, 82, 4),
 (442, N'Garchomp', 108, 130, 95, 102, 4),
 (443, N'Munchlax', 135, 85, 40, 5, 4),
 (444, N'Riolu', 40, 70, 40, 60, 4),
 (445, N'Lucario', 70, 110, 70, 90, 4),
 (446, N'Hippopotas', 68, 72, 78, 32, 4),
 (447, N'Hippowdon', 108, 112, 118, 47, 4),
 (448, N'Skorupi', 40, 50, 90, 65, 4),
 (449, N'Drapion', 70, 90, 110, 95, 4),
 (450, N'Croagunk', 48, 61, 40, 50, 4),
 (451, N'Toxicroak', 83, 106, 65, 85, 4),
 (452, N'Carnivine', 74, 100, 72, 46, 4),
 (453, N'Finneon', 49, 49, 56, 66, 4),
 (454, N'Lumineon', 69, 69, 76, 91, 4),
 (455, N'Mantyke', 45, 20, 50, 50, 4),
 (456, N'Snover', 60, 62, 50, 40, 4),
 (457, N'Abomasnow', 90, 92, 75, 60, 4),
 (458, N'Weavile', 70, 120, 65, 125, 4),
 (459, N'Magnezone', 70, 70, 115, 60, 4),
 (460, N'Lickilicky', 110, 85, 95, 50, 4),
 (461, N'Rhyperior', 115, 140, 130, 40, 4),
 (462, N'Tangrowth', 100, 100, 125, 50, 4),
 (463, N'Electivire', 75, 123, 67, 95, 4),
 (464, N'Magmortar', 75, 95, 67, 83, 4),
 (465, N'Togekiss', 85, 50, 95, 80, 4),
 (466, N'Leafeon', 65, 110, 130, 95, 4),
 (467, N'Glaceon', 65, 60, 110, 65, 4),
 (468, N'Gliscor', 75, 95, 125, 95, 4),
 (469, N'Mamoswine', 110, 130, 80, 80, 4),
 (470, N'Porygon-Z', 85, 80, 70, 90, 4),
 (471, N'Gallade', 68, 125, 65, 80, 4),
 (472, N'Probopass', 60, 55, 145, 40, 4),
 (473, N'Dusknoir', 45, 100, 135, 45, 4),
 (474, N'Froslass', 70, 80, 70, 110, 4),
 (475, N'Rotom', 50, 50, 77, 91, 4),
 (476, N'Uxie', 75, 75, 130, 95, 4),
 (477, N'Mesprit', 80, 105, 105, 80, 4),
 (478, N'Azelf', 75, 125, 70, 115, 4),
 (479, N'Dialga', 100, 120, 120, 90, 4),
 (480, N'Palkia', 90, 120, 100, 100, 4),
 (481, N'Heatran', 91, 90, 106, 77, 4),
 (482, N'Regigigas', 110, 160, 110, 100, 4),
 (483, N'Giratina', 150, 100, 120, 90, 4),
 (484, N'Cresselia', 120, 70, 120, 85, 4),
 (485, N'Phione', 80, 80, 80, 80, 4),
 (486, N'Manaphy', 100, 100, 100, 100, 4),
 (487, N'Darkrai', 70, 90, 90, 125, 4),
 (488, N'Shaymin', 100, 100, 100, 100, 4),
 (489, N'Arceus', 120, 120, 120, 120, 4),
 (490, N'Victini', 100, 100, 100, 100, 5),
 (491, N'Snivy', 45, 45, 55, 63, 5),
 (492, N'Servine', 60, 60, 75, 83, 5),
 (493, N'Serperior', 75, 75, 95, 113, 5),
 (494, N'Tepig', 65, 63, 45, 45, 5),
 (495, N'Pignite', 90, 93, 55, 55, 5),
 (496, N'Emboar', 110, 123, 65, 65, 5),
 (497, N'Oshawott', 55, 55, 45, 45, 5),
 (498, N'Dewott', 75, 75, 60, 60, 5),
 (499, N'Samurott', 95, 100, 85, 70, 5),
 (500, N'Patrat', 45, 55, 39, 42, 5),
 (501, N'Watchog', 60, 85, 69, 77, 5),
 (502, N'Lillipup', 45, 60, 45, 55, 5),
 (503, N'Herdier', 65, 80, 65, 60, 5),
 (504, N'Stoutland', 85, 110, 90, 80, 5),
 (505, N'Purrloin', 41, 50, 37, 66, 5),
 (506, N'Liepard', 64, 88, 50, 106, 5),
 (507, N'Pansage', 50, 53, 48, 64, 5),
 (508, N'Simisage', 75, 98, 63, 101, 5),
 (509, N'Pansear', 50, 53, 48, 64, 5),
 (510, N'Simisear', 75, 98, 63, 101, 5),
 (511, N'Panpour', 50, 53, 48, 64, 5),
 (512, N'Simipour', 75, 98, 63, 101, 5),
 (513, N'Munna', 76, 25, 45, 24, 5),
 (514, N'Musharna', 116, 55, 85, 29, 5),
 (515, N'Pidove', 50, 55, 50, 43, 5),
 (516, N'Tranquill', 62, 77, 62, 65, 5),
 (517, N'Unfezant', 80, 115, 80, 93, 5),
 (518, N'Blitzle', 45, 60, 32, 76, 5),
 (519, N'Zebstrika', 75, 100, 63, 116, 5),
 (520, N'Roggenrola', 55, 75, 85, 15, 5),
 (521, N'Boldore', 70, 105, 105, 20, 5),
 (522, N'Gigalith', 85, 135, 130, 25, 5),
 (523, N'Woobat', 55, 45, 43, 72, 5),
 (524, N'Swoobat', 67, 57, 55, 114, 5),
 (525, N'Drilbur', 60, 85, 40, 68, 5),
 (526, N'Excadrill', 110, 135, 60, 88, 5),
 (527, N'Audino', 103, 60, 86, 50, 5),
 (528, N'Timburr', 75, 80, 55, 35, 5),
 (529, N'Gurdurr', 85, 105, 85, 40, 5),
 (530, N'Conkeldurr', 105, 140, 95, 45, 5),
 (531, N'Tympole', 50, 50, 40, 64, 5),
 (532, N'Palpitoad', 75, 65, 55, 69, 5),
 (533, N'Seismitoad', 105, 95, 75, 74, 5),
 (534, N'Throh', 120, 100, 85, 45, 5),
 (535, N'Sawk', 75, 125, 75, 85, 5),
 (536, N'Sewaddle', 45, 53, 70, 42, 5),
 (537, N'Swadloon', 55, 63, 90, 42, 5),
 (538, N'Leavanny', 75, 103, 80, 92, 5),
 (539, N'Venipede', 30, 45, 59, 57, 5),
 (540, N'Whirlipede', 40, 55, 99, 47, 5),
 (541, N'Scolipede', 60, 100, 89, 112, 5),
 (542, N'Cottonee', 40, 27, 60, 66, 5),
 (543, N'Whimsicott', 60, 67, 85, 116, 5),
 (544, N'Petilil', 45, 35, 50, 30, 5),
 (545, N'Lilligant', 70, 60, 75, 90, 5),
 (546, N'Basculin', 70, 92, 65, 98, 5),
 (547, N'Sandile', 50, 72, 35, 65, 5),
 (548, N'Krokorok', 60, 82, 45, 74, 5),
 (549, N'Krookodile', 95, 117, 80, 92, 5),
 (550, N'Darumaka', 70, 90, 45, 50, 5),
 (551, N'DarmanitanStandard Mode', 105, 140, 55, 95, 5),
 (552, N'Maractus', 75, 86, 67, 60, 5),
 (553, N'Dwebble', 50, 65, 85, 55, 5),
 (554, N'Crustle', 70, 95, 125, 45, 5),
 (555, N'Scraggy', 50, 75, 70, 48, 5),
 (556, N'Scrafty', 65, 90, 115, 58, 5),
 (557, N'Sigilyph', 72, 58, 80, 97, 5),
 (558, N'Yamask', 38, 30, 85, 30, 5),
 (559, N'Cofagrigus', 58, 50, 145, 30, 5),
 (560, N'Tirtouga', 54, 78, 103, 22, 5),
 (561, N'Carracosta', 74, 108, 133, 32, 5),
 (562, N'Archen', 55, 112, 45, 70, 5),
 (563, N'Archeops', 75, 140, 65, 110, 5),
 (564, N'Trubbish', 50, 50, 62, 65, 5),
 (565, N'Garbodor', 80, 95, 82, 75, 5),
 (566, N'Zorua', 40, 65, 40, 65, 5),
 (567, N'Zoroark', 60, 105, 60, 105, 5),
 (568, N'Minccino', 55, 50, 40, 75, 5),
 (569, N'Cinccino', 75, 95, 60, 115, 5),
 (570, N'Gothita', 45, 30, 50, 45, 5),
 (571, N'Gothorita', 60, 45, 70, 55, 5),
 (572, N'Gothitelle', 70, 55, 95, 65, 5),
 (573, N'Solosis', 45, 30, 40, 20, 5),
 (574, N'Duosion', 65, 40, 50, 30, 5),
 (575, N'Reuniclus', 110, 65, 75, 30, 5),
 (576, N'Ducklett', 62, 44, 50, 55, 5),
 (577, N'Swanna', 75, 87, 63, 98, 5),
 (578, N'Vanillite', 36, 50, 50, 44, 5),
 (579, N'Vanillish', 51, 65, 65, 59, 5),
 (580, N'Vanilluxe', 71, 95, 85, 79, 5),
 (581, N'Deerling', 60, 60, 50, 75, 5),
 (582, N'Sawsbuck', 80, 100, 70, 95, 5),
 (583, N'Emolga', 55, 75, 60, 103, 5),
 (584, N'Karrablast', 50, 75, 45, 60, 5),
 (585, N'Escavalier', 70, 135, 105, 20, 5),
 (586, N'Foongus', 69, 55, 45, 15, 5),
 (587, N'Amoonguss', 114, 85, 70, 30, 5),
 (588, N'Frillish', 55, 40, 50, 40, 5),
 (589, N'Jellicent', 100, 60, 70, 60, 5),
 (590, N'Alomomola', 165, 75, 80, 65, 5),
 (591, N'Joltik', 50, 47, 50, 65, 5),
 (592, N'Galvantula', 70, 77, 60, 108, 5),
 (593, N'Ferroseed', 44, 50, 91, 10, 5),
 (594, N'Ferrothorn', 74, 94, 131, 20, 5),
 (595, N'Klink', 40, 55, 70, 30, 5),
 (596, N'Klang', 60, 80, 95, 50, 5),
 (597, N'Klinklang', 60, 100, 115, 90, 5),
 (598, N'Tynamo', 35, 55, 40, 60, 5),
 (599, N'Eelektrik', 65, 85, 70, 40, 5),
 (600, N'Eelektross', 85, 115, 80, 50, 5),
 (601, N'Elgyem', 55, 55, 55, 30, 5),
 (602, N'Beheeyem', 75, 75, 75, 40, 5),
 (603, N'Litwick', 50, 30, 55, 20, 5),
 (604, N'Lampent', 60, 40, 60, 55, 5),
 (605, N'Chandelure', 60, 55, 90, 80, 5),
 (606, N'Axew', 46, 87, 60, 57, 5),
 (607, N'Fraxure', 66, 117, 70, 67, 5),
 (608, N'Haxorus', 76, 147, 90, 97, 5),
 (609, N'Cubchoo', 55, 70, 40, 40, 5),
 (610, N'Beartic', 95, 110, 80, 50, 5),
 (611, N'Cryogonal', 70, 50, 30, 105, 5),
 (612, N'Shelmet', 50, 40, 85, 25, 5),
 (613, N'Accelgor', 80, 70, 40, 145, 5),
 (614, N'Stunfisk', 109, 66, 84, 32, 5),
 (615, N'Mienfoo', 45, 85, 50, 65, 5),
 (616, N'Mienshao', 65, 125, 60, 105, 5),
 (617, N'Druddigon', 77, 120, 90, 48, 5),
 (618, N'Golett', 59, 74, 50, 35, 5),
 (619, N'Golurk', 89, 124, 80, 55, 5),
 (620, N'Pawniard', 45, 85, 70, 60, 5),
 (621, N'Bisharp', 65, 125, 100, 70, 5),
 (622, N'Bouffalant', 95, 110, 95, 55, 5),
 (623, N'Rufflet', 70, 83, 50, 60, 5),
 (624, N'Braviary', 100, 123, 75, 80, 5),
 (625, N'Vullaby', 70, 55, 75, 60, 5),
 (626, N'Mandibuzz', 110, 65, 105, 80, 5),
 (627, N'Heatmor', 85, 97, 66, 65, 5),
 (628, N'Durant', 58, 109, 112, 109, 5),
 (629, N'Deino', 52, 65, 50, 38, 5),
 (630, N'Zweilous', 72, 85, 70, 58, 5),
 (631, N'Hydreigon', 92, 105, 90, 98, 5),
 (632, N'Larvesta', 55, 85, 55, 60, 5),
 (633, N'Volcarona', 85, 60, 65, 100, 5),
 (634, N'Cobalion', 91, 90, 129, 108, 5),
 (635, N'Terrakion', 91, 129, 90, 108, 5),
 (636, N'Virizion', 91, 90, 72, 108, 5),
 (637, N'Tornadus', 79, 115, 70, 111, 5),
 (638, N'Reshiram', 100, 120, 100, 90, 5),
 (639, N'Zekrom', 100, 150, 120, 90, 5),
 (640, N'Landorus', 89, 125, 90, 101, 5),
 (641, N'Genesect', 71, 120, 95, 99, 5),
 (642, N'Chespin', 56, 61, 65, 38, 6),
 (643, N'Quilladin', 61, 78, 95, 57, 6),
 (644, N'Chesnaught', 88, 107, 122, 64, 6),
 (645, N'Fennekin', 40, 45, 40, 60, 6),
 (646, N'Braixen', 59, 59, 58, 73, 6),
 (647, N'Delphox', 75, 69, 72, 104, 6),
 (648, N'Froakie', 41, 56, 40, 71, 6),
 (649, N'Frogadier', 54, 63, 52, 97, 6),
 (650, N'Greninja', 72, 95, 67, 122, 6),
 (651, N'Bunnelby', 38, 36, 38, 57, 6),
 (652, N'Diggersby', 85, 56, 77, 78, 6),
 (653, N'Fletchling', 45, 50, 43, 62, 6),
 (654, N'Fletchinder', 62, 73, 55, 84, 6),
 (655, N'Talonflame', 78, 81, 71, 126, 6),
 (656, N'Scatterbug', 38, 35, 40, 35, 6),
 (657, N'Spewpa', 45, 22, 60, 29, 6),
 (658, N'Vivillon', 80, 52, 50, 89, 6),
 (659, N'Litleo', 62, 50, 58, 72, 6),
 (660, N'Pyroar', 86, 68, 72, 106, 6),
 (661, N'Flabebe', 44, 38, 39, 42, 6),
 (662, N'Floette', 54, 45, 47, 52, 6),
 (663, N'Florges', 78, 65, 68, 75, 6),
 (664, N'Skiddo', 66, 65, 48, 52, 6),
 (665, N'Gogoat', 123, 100, 62, 68, 6),
 (666, N'Pancham', 67, 82, 62, 43, 6),
 (667, N'Pangoro', 95, 124, 78, 58, 6),
 (668, N'Furfrou', 75, 80, 60, 102, 6),
 (669, N'Espurr', 62, 48, 54, 68, 6),
 (670, N'Meowstic', 74, 48, 76, 104, 6),
 (671, N'Honedge', 45, 80, 100, 28, 6),
 (672, N'Doublade', 59, 110, 150, 35, 6),
 (673, N'Aegislash', 60, 150, 50, 60, 6),
 (674, N'Spritzee', 78, 52, 60, 23, 6),
 (675, N'Aromatisse', 101, 72, 72, 29, 6),
 (676, N'Swirlix', 62, 48, 66, 49, 6),
 (677, N'Slurpuff', 82, 80, 86, 72, 6),
 (678, N'Inkay', 53, 54, 53, 45, 6),
 (679, N'Malamar', 86, 92, 88, 73, 6),
 (680, N'Binacle', 42, 52, 67, 50, 6),
 (681, N'Barbaracle', 72, 105, 115, 68, 6),
 (682, N'Skrelp', 50, 60, 60, 30, 6),
 (683, N'Dragalge', 65, 75, 90, 44, 6),
 (684, N'Clauncher', 50, 53, 62, 44, 6),
 (685, N'Clawitzer', 71, 73, 88, 59, 6),
 (686, N'Helioptile', 44, 38, 33, 70, 6),
 (687, N'Heliolisk', 62, 55, 52, 109, 6),
 (688, N'Tyrunt', 58, 89, 77, 48, 6),
 (689, N'Tyrantrum', 82, 121, 119, 71, 6),
 (690, N'Amaura', 77, 59, 50, 46, 6),
 (691, N'Aurorus', 123, 77, 72, 58, 6),
 (692, N'Sylveon', 95, 65, 65, 60, 6),
 (693, N'Hawlucha', 78, 92, 75, 118, 6),
 (694, N'Dedenne', 67, 58, 57, 101, 6),
 (695, N'Carbink', 50, 50, 150, 50, 6),
 (696, N'Goomy', 45, 50, 35, 40, 6),
 (697, N'Sliggoo', 68, 75, 53, 60, 6),
 (698, N'Goodra', 90, 100, 70, 80, 6),
 (699, N'Klefki', 57, 80, 91, 75, 6),
 (700, N'Phantump', 43, 70, 48, 38, 6),
 (701, N'Trevenant', 85, 110, 76, 56, 6),
 (702, N'Pumpkaboo', 49, 66, 70, 51, 6),
 (703, N'Bergmite', 55, 69, 85, 28, 6),
 (704, N'Avalugg', 95, 117, 184, 28, 6),
 (705, N'Noibat', 40, 30, 35, 55, 6),
 (706, N'Noivern', 85, 70, 80, 123, 6),
 (707, N'Xerneas', 126, 131, 95, 99, 6),
 (708, N'Yveltal', 126, 131, 95, 99, 6),
 (709, N'Zygarde', 108, 100, 121, 95, 6),
 (710, N'Diancie', 50, 100, 150, 50, 6),
 (711, N'HoopaHoopa', 80, 110, 60, 70, 6),
 (712, N'Volcanion', 80, 110, 120, 70, 6);
SET IDENTITY_INSERT Pokemon.Creatures OFF;


--Seeding primary types
INSERT Pokemon.CreatureElement(CreatureID, ElementID, IsPrimary)
VALUES
    (1, 5, 1),
 (2, 5, 1),
 (3, 5, 1),
 (4, 2, 1),
 (5, 2, 1),
 (6, 2, 1),
 (7, 3 ,1),
 (8, 3, 1),
 (9, 3,1 ),
 (10, 12, 1),
 (11, 12, 1),
 (12, 12, 1),
(13, 12, 1),
(14, 12, 1),
(15, 12, 1),
(16, 1, 1),
(17, 1, 1),
(18, 1, 1),
(19, 1, 1),
(20, 1, 1),
(21, 1, 1),
(22, 1, 1),
(23, 8, 1),
(24, 8, 1),
(25, 4, 1),
(26, 4, 1),
(27, 9, 1),
(28, 9, 1),
(29, 8, 1),
(30, 8, 1),
(31, 8, 1),
(32, 8, 1),
(33, 8, 1),
(34, 18, 1),
(35, 18, 1),
(36, 2, 1),
(37, 2, 1),
(38, 1, 1),
(39, 1, 1),
(40, 8, 1),
(41, 8, 1),
(42, 5, 1),
(43, 5, 1),
(44, 5, 1),
(45, 12, 1),
(46, 12, 1),
(47, 12, 1),
(48, 12, 1),
(49, 9, 1),
(50, 9, 1),
(51, 1, 1),
(52, 1, 1),
(53, 3, 1),
(54, 3, 1),
(55, 7, 1),
(56, 7, 1),
(57, 2, 1),
(58, 2, 1),
(59, 3, 1),
(60, 3, 1),
(61, 3, 1),
(62, 11, 1),
(63, 11, 1),
(64, 11, 1),
(65, 7, 1),
(66, 7, 1),
(67, 7, 1),
(68, 5, 1),
(69, 5, 1),
(70, 5, 1),
(71, 3, 1),
(72, 3, 1),
(73, 13, 1),
(74, 13, 1),
(75, 13, 1),
(76, 2, 1),
(77, 2, 1),
(78, 3, 1),
(79, 3, 1),
(80, 4, 1),
(81, 4, 1),
(82, 1, 1),
(83, 1, 1),
(84, 1, 1),
(85, 3, 1),
(86, 3, 1),
(87, 8, 1),
(88, 8, 1),
(89, 3, 1),
(90, 3, 1),
(91, 14, 1),
(92, 14, 1),
(93, 14, 1),
(94, 13, 1),
(95, 11, 1),
(96, 11, 1),
(97, 3, 1),
(98, 3, 1),
(99, 4, 1),
(100, 4, 1),
(101, 5, 1),
(102, 5, 1),
(103, 9, 1),
(104, 9, 1),
(105, 7, 1),
(106, 7, 1),
(107, 1, 1),
(108, 8, 1),
(109, 8, 1),
(110, 9, 1),
(111, 9, 1),
(112, 1, 1),
(113, 5, 1),
(114, 1, 1),
(115, 3, 1),
(116, 3, 1),
(117, 3, 1),
(118, 3, 1),
(119, 3, 1),
(120, 3, 1),
(121, 11, 1),
(122, 12, 1),
(123, 6, 1),
(124, 4, 1),
(125, 2, 1),
(126, 12, 1),
(127, 1, 1),
(128, 3, 1),
(129, 3, 1),
(130, 3, 1),
(131, 1, 1),
(132, 1, 1),
(133, 3, 1),
(134, 4, 1),
(135, 2, 1),
(136, 1, 1),
(137, 13, 1),
(138, 13, 1),
(139, 13, 1),
(140, 13, 1),
(141, 13, 1),
(142, 1, 1),
(143, 6, 1),
(144, 4, 1),
(145, 2, 1),
(146, 15, 1),
(147, 15, 1),
(148, 15, 1),
(149, 11, 1),
(150, 11, 1),
(151, 5, 1),
(152, 5, 1),
(153, 2, 1),
(154, 2, 1),
(155, 2, 1),
(156, 3, 1),
(157, 3, 1),
(158, 3, 1),
(159, 1, 1),
(160, 1, 1),
(161, 1, 1),
(162, 1, 1),
(163, 12, 1),
(164, 12, 1),
(165, 12, 1),
(166, 12, 1),
(167, 8, 1),
(168, 3, 1),
(169, 3, 1),
(170, 4, 1),
(171, 18, 1),
(172, 1, 1),
(173, 18, 1),
(174, 18, 1),
(175, 11, 1),
(176, 11, 1),
(177, 4, 1),
(178, 4, 1),
(179, 4, 1),
(180, 5, 1),
(181, 3, 1),
(182, 3, 1),
(183, 13, 1),
(184, 3, 1),
(185, 5, 1),
(186, 5, 1),
(187, 5, 1),
(188, 1, 1),
(189, 5, 1),
(190, 5, 1),
(191, 12, 1),
(192, 3, 1),
(193, 3, 1),
(194, 11, 1),
(195, 16, 1),
(196, 16, 1),
(197, 3, 1),
(198, 14, 1),
(199, 11, 1),
(200, 11, 1),
(201, 1, 1),
(202, 12, 1),
(203, 12, 1),
(204, 1, 1),
(205, 9, 1),
(206, 17, 1),
(207, 18, 1),
(208, 18, 1),
(209, 3, 1),
(210, 12, 1),
(211, 12, 1),
(212, 12, 1),
(213, 16, 1),
(214, 1, 1),
(215, 1, 1),
(216, 2, 1),
(217, 2, 1),
(218, 6, 1),
(219, 6, 1),
(220, 3, 1),
(221, 3, 1),
(222, 3, 1),
(223, 6, 1),
(224, 3, 1),
(225, 17, 1),
(226, 16, 1),
(227, 16, 1),
(228, 3, 1),
(229, 9, 1),
(230, 9, 1),
(231, 1, 1),
(232, 1, 1),
(233, 1, 1),
(234, 7, 1),
(235, 7, 1),
(236, 6, 1),
(237, 4, 1),
(238, 2, 1),
(239, 1, 1),
(240, 1, 1),
(241, 4, 1),
(242, 2, 1),
(243, 3, 1),
(244, 13, 1),
(245, 13, 1),
(246, 13, 1),
(247, 11, 1),
(248, 2, 1),
(249, 11, 1),
(250, 5, 1),
(251, 5, 1),
(252, 5, 1),
(253, 2, 1),
(254, 2, 1),
(255, 2, 1),
(256, 3, 1),
(257, 3, 1),
(258, 3, 1),
(259, 16, 1),
(260, 16, 1),
(261, 1, 1),
(262, 1, 1),
(263, 12, 1),
(264, 12, 1),
(265, 12, 1),
(266, 12, 1),
(267, 12, 1),
(268, 3, 1),
(269, 3, 1),
(270, 3, 1),
(271, 5, 1),
(272, 5, 1),
(273, 5, 1),
(274, 1, 1),
(275, 1, 1),
(276, 3, 1),
(277, 3, 1),
(278, 11, 1),
(279, 11, 1),
(280, 11, 1),
(281, 12, 1),
(282, 12, 1),
(283, 5, 1),
(284, 5, 1),
(285, 1, 1),
(286, 1, 1),
(287, 1, 1),
(288, 12, 1),
(289, 12, 1),
(290, 12, 1),
(291, 1, 1),
(292, 1, 1),
(293, 1, 1),
(294, 7, 1),
(295, 7, 1),
(296, 1, 1),
(297, 13, 1),
(298, 1, 1),
(299, 1, 1),
(300, 16, 1),
(301, 17, 1),
(302, 17, 1),
(303, 17, 1),
(304, 17, 1),
(305, 7, 1),
(306, 7, 1),
(307, 4, 1),
(308, 4, 1),
(309, 4, 1),
(310, 4, 1),
(311, 12, 1),
(312, 12, 1),
(313, 5, 1),
(314, 8, 1),
(315, 8, 1),
(316, 3, 1),
(317, 3, 1),
(318, 3, 1),
(319, 3, 1),
(320, 2, 1),
(321, 2, 1),
(322, 2, 1),
(323, 11, 1),
(324, 11, 1),
(325, 1, 1),
(326, 9, 1),
(327, 9, 1),
(328, 9, 1),
(329, 5, 1),
(330, 5, 1),
(331, 1, 1),
(332, 15, 1),
(333, 1, 1),
(334, 8, 1),
(335, 13, 1),
(336, 13, 1),
(337, 3, 1),
(338, 3, 1),
(339, 3, 1),
(340, 3, 1),
(341, 9, 1),
(342, 9, 1),
(343, 13, 1),
(344, 13, 1),
(345, 13, 1),
(346, 13, 1),
(347, 3, 1),
(348, 3, 1),
(349, 1, 1),
(350, 1, 1),
(351, 14, 1),
(352, 14, 1),
(353, 14, 1),
(354, 14, 1),
(355, 5, 1),
(356, 11, 1),
(357, 16, 1),
(358, 11, 1),
(359, 6, 1),
(360, 6, 1),
(361, 6, 1),
(362, 6, 1),
(363, 6, 1),
(364, 3, 1),
(365, 3, 1),
(366, 3, 1),
(367, 3, 1),
(368, 3, 1),
(369, 15, 1),
(370, 15, 1),
(371, 15, 1),
(372, 17, 1),
(373, 17, 1),
(374, 17, 1),
(375, 13, 1),
(376, 6, 1),
(377, 17, 1),
(378, 15, 1),
(379, 15, 1),
(380, 3, 1),
(381, 15, 1),
(382, 17, 1),
(383, 11, 1),
(384, 5, 1),
(385, 5, 1),
(386, 5, 1),
(387, 2, 1),
(388, 2, 1),
(389, 2, 1),
(390, 3, 1),
(391, 3, 1),
(392, 3, 1),
(393, 1, 1),
(394, 1, 1),
(395, 1, 1),
(396, 1, 1),
(397, 1, 1),
(398, 12, 1),
(399, 12, 1),
(400, 4, 1),
(401, 4, 1),
(402, 4, 1),
(403, 5, 1),
(404, 5, 1),
(405, 13, 1),
(406, 13, 1),
(407, 13, 1),
(408, 13, 1),
(409, 12, 1),
(410, 12, 1),
(411, 12, 1),
(412, 12, 1),
(413, 12, 1),
(414, 4, 1),
(415, 3, 1),
(416, 3, 1),
(417, 5, 1),
(418, 5, 1),
(419, 3, 1),
(420, 3, 1),
(421, 1, 1),
(422, 14, 1),
(423, 14, 1),
(424, 1, 1),
(425, 1, 1),
(426, 14, 1),
(427, 16, 1),
(428, 1, 1),
(429, 1, 1),
(430, 11, 1),
(431, 8, 1),
(432, 8, 1),
(433, 17, 1),
(434, 17, 1),
(435, 13, 1),
(436, 11, 1),
(437, 1, 1),
(438, 1, 1),
(439, 14, 1),
(440, 15, 1),
(441, 15, 1),
(442, 15, 1),
(443, 1, 1),
(444, 7, 1),
(445, 7, 1),
(446, 9, 1),
(447, 9, 1),
(448, 8, 1),
(449, 8, 1),
(450, 8, 1),
(451, 8, 1),
(452, 5, 1),
(453, 3, 1),
(454, 3, 1),
(455, 3, 1),
(456, 5, 1),
(457, 5, 1),
(458, 16, 1),
(459, 4, 1),
(460, 1, 1),
(461, 9, 1),
(462, 5, 1),
(463, 4, 1),
(464, 2, 1),
(465, 18, 1),
(466, 5, 1),
(467, 6, 1),
(468, 9, 1),
(469, 6, 1),
(470, 1, 1),
(471, 11, 1),
(472, 13, 1),
(473, 14, 1),
(474, 6, 1),
(475, 4, 1),
(476, 11, 1),
(477, 11, 1),
(478, 11, 1),
(479, 17, 1),
(480, 3, 1),
(481, 2, 1),
(482, 1, 1),
(483, 14, 1),
(484, 11, 1),
(485, 3, 1),
(486, 3, 1),
(487, 16, 1),
(488, 5, 1),
(489, 1, 1),
(490, 11, 1),
(491, 5, 1),
(492, 5, 1),
(493, 5, 1),
(494, 2, 1),
(495, 2, 1),
(496, 2, 1),
(497, 3, 1),
(498, 3, 1),
(499, 3, 1),
(500, 1, 1),
(501, 1, 1),
(502, 1, 1),
(503, 1, 1),
(504, 1, 1),
(505, 16, 1),
(506, 16, 1),
(507, 5, 1),
(508, 5, 1),
(509, 2, 1),
(510, 2, 1),
(511, 3, 1),
(512, 3, 1),
(513, 11, 1),
(514, 11, 1),
(515, 1, 1),
(516, 1, 1),
(517, 1, 1),
(518, 4, 1),
(519, 4, 1),
(520, 13, 1),
(521, 13, 1),
(522, 13, 1),
(523, 11, 1),
(524, 11, 1),
(525, 9, 1),
(526, 9, 1),
(527, 1, 1),
(528, 7, 1),
(529, 7, 1),
(530, 7, 1),
(531, 3, 1),
(532, 3, 1),
(533, 3, 1),
(534, 7, 1),
(535, 7, 1),
(536, 12, 1),
(537, 12, 1),
(538, 12, 1),
(539, 12, 1),
(540, 12, 1),
(541, 12, 1),
(542, 5, 1),
(543, 5, 1),
(544, 5, 1),
(545, 5, 1),
(546, 3, 1),
(547, 9, 1),
(548, 9, 1),
(549, 9, 1),
(550, 2, 1),
(551, 2, 1),
(552, 5, 1),
(553, 12, 1),
(554, 12, 1),
(555, 16, 1),
(556, 16, 1),
(557, 11, 1),
(558, 14, 1),
(559, 14, 1),
(560, 3, 1),
(561, 3, 1),
(562, 13, 1),
(563, 13, 1),
(564, 8, 1),
(565, 8, 1),
(566, 16, 1),
(567, 16, 1),
(568, 1, 1),
(569, 1, 1),
(570, 11, 1),
(571, 11, 1),
(572, 11, 1),
(573, 11, 1),
(574, 11, 1),
(575, 11, 1),
(576, 3, 1),
(577, 3, 1),
(578, 6, 1),
(579, 6, 1),
(580, 6, 1),
(581, 1, 1),
(582, 1, 1),
(583, 4, 1),
(584, 12, 1),
(585, 12, 1),
(586, 5, 1),
(587, 5, 1),
(588, 3, 1),
(589, 3, 1),
(590, 3, 1),
(591, 12, 1),
(592, 12, 1),
(593, 5, 1),
(594, 5, 1),
(595, 17, 1),
(596, 17, 1),
(597, 17, 1),
(598, 4, 1),
(599, 4, 1),
(600, 4, 1),
(601, 11, 1),
(602, 11, 1),
(603, 14, 1),
(604, 14, 1),
(605, 14, 1),
(606, 15, 1),
(607, 15, 1),
(608, 15, 1),
(609, 6, 1),
(610, 6, 1),
(611, 6, 1),
(612, 12, 1),
(613, 12, 1),
(614, 9, 1),
(615, 7, 1),
(616, 7, 1),
(617, 15, 1),
(618, 9, 1),
(619, 9, 1),
(620, 16, 1),
(621, 16, 1),
(622, 1, 1),
(623, 1, 1),
(624, 1, 1),
(625, 16, 1),
(626, 16, 1),
(627, 2, 1),
(628, 12, 1),
(629, 16, 1),
(630, 16, 1),
(631, 16, 1),
(632, 12, 1),
(633, 12, 1),
(634, 17, 1),
(635, 13, 1),
(636, 5, 1),
(637, 10, 1),
(638, 15, 1),
(639, 15, 1),
(640, 9, 1),
(641, 12, 1),
(642, 5, 1),
(643, 5, 1),
(644, 5, 1),
(645, 2, 1),
(646, 2, 1),
(647, 2, 1),
(648, 3, 1),
(649, 3, 1),
(650, 3, 1),
(651, 1, 1),
(652, 1, 1),
(653, 1, 1),
(654, 2, 1),
(655, 2, 1),
(656, 12, 1),
(657, 12, 1),
(658, 12, 1),
(659, 2, 1),
(660, 2, 1),
(661, 18, 1),
(662, 18, 1),
(663, 18, 1),
(664, 5, 1),
(665, 5, 1),
(666, 7, 1),
(667, 7, 1),
(668, 1, 1),
(669, 11, 1),
(670, 11, 1),
(671, 17, 1),
(672, 17, 1),
(673, 17, 1),
(674, 18, 1),
(675, 18, 1),
(676, 18, 1),
(677, 18, 1),
(678, 16, 1),
(679, 16, 1),
(680, 13, 1),
(681, 13, 1),
(682, 8, 1),
(683, 8, 1),
(684, 3, 1),
(685, 3, 1),
(686, 4, 1),
(687, 4, 1),
(688, 13, 1),
(689, 13, 1),
(690, 13, 1),
(691, 13, 1),
(692, 18, 1),
(693, 7, 1),
(694, 4, 1),
(695, 13, 1),
(696, 15, 1),
(697, 15, 1),
(698, 15, 1),
(699, 17, 1),
(700, 14, 1),
(701, 14, 1),
(702, 14, 1),
(703, 6, 1),
(704, 6, 1),
(705, 10, 1),
(706, 10, 1),
(707, 18, 1),
(708, 16, 1),
(709, 15, 1),
(710, 13, 1),
(711, 11, 1),
(712, 2, 1);


--Seeding secondary types
INSERT Pokemon.CreatureElement(CreatureID, ElementID, IsPrimary)
VALUES
 (1, 8, 0),
(2, 8, 0),
(3, 8, 0),
(6, 10, 0),
(12, 10, 0),
(13, 8, 0),
(14, 8, 0),
(15, 8, 0),
(16, 10, 0),
(17, 10, 0),
(18, 10, 0),
(21, 10, 0),
(22, 10, 0),
(31, 9, 0),
(33, 9, 0),
(38, 18, 0),
(39, 18, 0),
(40, 10, 0),
(41, 10, 0),
(42, 8, 0),
(43, 8, 0),
(44, 8, 0),
(45, 5, 0),
(46, 5, 0),
(47, 8, 0),
(48, 8, 0),
(61, 7, 0),
(68, 8, 0),
(69, 8, 0),
(70, 8, 0),
(71, 8, 0),
(72, 8, 0),
(73, 9, 0),
(74, 9, 0),
(75, 9, 0),
(78, 11, 0),
(79, 11, 0),
(80, 17, 0),
(81, 17, 0),
(82, 10, 0),
(83, 10, 0),
(84, 10, 0),
(86, 6, 0),
(90, 6, 0),
(91, 8, 0),
(92, 8, 0),
(93, 8, 0),
(94, 9, 0),
(101, 11, 0),
(102, 11, 0),
(110, 13, 0),
(111, 13, 0),
(120, 11, 0),
(121, 18, 0),
(122, 10, 0),
(123, 11, 0),
(129, 10, 0),
(130, 6, 0),
(137, 3, 0),
(138, 3, 0),
(139, 3, 0),
(140, 3, 0),
(141, 10, 0),
(143, 10, 0),
(144, 10, 0),
(145, 10, 0),
(148, 10, 0),
(161, 10, 0),
(162, 10, 0),
(163, 10, 0),
(164, 10, 0),
(165, 8, 0),
(166, 8, 0),
(167, 10, 0),
(168, 4, 0),
(169, 4, 0),
(172, 18, 0),
(174, 10, 0),
(175, 10, 0),
(176, 10, 0),
(181, 18, 0),
(182, 18, 0),
(185, 10, 0),
(186, 10, 0),
(187, 10, 0),
(191, 10, 0),
(192, 9, 0),
(193, 9, 0),
(196, 10, 0),
(197, 11, 0),
(201, 11, 0),
(203, 17, 0),
(205, 10, 0),
(206, 9, 0),
(209, 8, 0),
(210, 17, 0),
(211, 13, 0),
(212, 7, 0),
(213, 6, 0),
(217, 13, 0),
(218, 9, 0),
(219, 9, 0),
(220, 13, 0),
(223, 10, 0),
(224, 10, 0),
(225, 10, 0),
(226, 2, 0),
(227, 2, 0),
(228, 15, 0),
(236, 11, 0),
(244, 9, 0),
(245, 9, 0),
(246, 16, 0),
(247, 10, 0),
(248, 10, 0),
(249, 5, 0),
(254, 7, 0),
(255, 7, 0),
(257, 9, 0),
(258, 9, 0),
(265, 10, 0),
(267, 8, 0),
(268, 5, 0),
(269, 5, 0),
(270, 5, 0),
(272, 16, 0),
(273, 16, 0),
(274, 10, 0),
(275, 10, 0),
(276, 10, 0),
(277, 10, 0),
(278, 18, 0),
(279, 18, 0),
(280, 18, 0),
(281, 3, 0),
(282, 10, 0),
(284, 7, 0),
(288, 9, 0),
(289, 10, 0),
(290, 14, 0),
(296, 18, 0),
(300, 14, 0),
(301, 18, 0),
(302, 13, 0),
(303, 13, 0),
(304, 13, 0),
(305, 11, 0),
(306, 11, 0),
(313, 8, 0),
(316, 16, 0),
(317, 16, 0),
(320, 9, 0),
(321, 9, 0),
(327, 15, 0),
(328, 15, 0),
(330, 16, 0),
(331, 10, 0),
(332, 10, 0),
(335, 11, 0),
(336, 11, 0),
(337, 9, 0),
(338, 9, 0),
(340, 16, 0),
(341, 11, 0),
(342, 11, 0),
(343, 5, 0),
(344, 5, 0),
(345, 12, 0),
(346, 12, 0),
(355, 10, 0),
(361, 3, 0),
(362, 3, 0),
(363, 3, 0),
(367, 13, 0),
(371, 10, 0),
(372, 11, 0),
(373, 11, 0),
(374, 11, 0),
(378, 11, 0),
(379, 11, 0),
(381, 10, 0),
(382, 11, 0),
(386, 9, 0),
(388, 7, 0),
(389, 7, 0),
(392, 17, 0),
(393, 10, 0),
(394, 10, 0),
(395, 10, 0),
(397, 3, 0),
(403, 8, 0),
(404, 8, 0),
(407, 17, 0),
(408, 17, 0),
(410, 5, 0),
(411, 10, 0),
(412, 10, 0),
(413, 10, 0),
(420, 9, 0),
(422, 10, 0),
(423, 10, 0),
(427, 10, 0),
(431, 16, 0),
(432, 16, 0),
(433, 11, 0),
(434, 11, 0),
(436, 18, 0),
(438, 10, 0),
(439, 16, 0),
(440, 9, 0),
(441, 9, 0),
(442, 9, 0),
(445, 17, 0),
(448, 12, 0),
(449, 16, 0),
(450, 7, 0),
(451, 7, 0),
(455, 10, 0),
(456, 6, 0),
(457, 6, 0),
(458, 6, 0),
(459, 17, 0),
(461, 13, 0),
(465, 10, 0),
(468, 10, 0),
(469, 9, 0),
(471, 7, 0),
(472, 17, 0),
(474, 14, 0),
(475, 14, 0),
(479, 15, 0),
(480, 15, 0),
(481, 17, 0),
(483, 15, 0),
(490, 2, 0),
(495, 7, 0),
(496, 7, 0),
(515, 10, 0),
(516, 10, 0),
(517, 10, 0),
(523, 10, 0),
(524, 10, 0),
(526, 17, 0),
(532, 9, 0),
(533, 9, 0),
(536, 5, 0),
(537, 5, 0),
(538, 5, 0),
(539, 8, 0),
(540, 8, 0),
(541, 8, 0),
(542, 18, 0),
(543, 18, 0),
(547, 16, 0),
(548, 16, 0),
(549, 16, 0),
(553, 13, 0),
(554, 13, 0),
(555, 7, 0),
(556, 7, 0),
(557, 10, 0),
(560, 13, 0),
(561, 13, 0),
(562, 10, 0),
(563, 10, 0),
(576, 10, 0),
(577, 10, 0),
(581, 5, 0),
(582, 5, 0),
(583, 10, 0),
(585, 17, 0),
(586, 8, 0),
(587, 8, 0),
(588, 14, 0),
(589, 14, 0),
(591, 4, 0),
(592, 4, 0),
(593, 17, 0),
(594, 17, 0),
(603, 2, 0),
(604, 2, 0),
(605, 2, 0),
(614, 4, 0),
(618, 14, 0),
(619, 14, 0),
(620, 17, 0),
(621, 17, 0),
(623, 10, 0),
(624, 10, 0),
(625, 10, 0),
(626, 10, 0),
(628, 17, 0),
(629, 15, 0),
(630, 15, 0),
(631, 15, 0),
(632, 2, 0),
(633, 2, 0),
(634, 7, 0),
(635, 7, 0),
(636, 7, 0),
(638, 2, 0),
(639, 4, 0),
(640, 10, 0),
(641, 17, 0),
(644, 7, 0),
(647, 11, 0),
(650, 16, 0),
(652, 9, 0),
(653, 10, 0),
(654, 10, 0),
(655, 10, 0),
(658, 10, 0),
(659, 1, 0),
(660, 1, 0),
(667, 16, 0),
(671, 14, 0),
(672, 14, 0),
(673, 14, 0),
(678, 11, 0),
(679, 11, 0),
(680, 3, 0),
(681, 3, 0),
(682, 3, 0),
(683, 15, 0),
(686, 1, 0),
(687, 1, 0),
(688, 15, 0),
(689, 15, 0),
(690, 6, 0),
(691, 6, 0),
(693, 10, 0),
(694, 18, 0),
(695, 18, 0),
(699, 18, 0),
(700, 5, 0),
(701, 5, 0),
(702, 5, 0),
(705, 15, 0),
(706, 15, 0),
(708, 10, 0),
(709, 9, 0),
(710, 18, 0),
(711, 14, 0),
(712, 3, 0);

--Adding Preliminary Users
INSERT Pokemon.Users(Email)
VALUES
    (N'test_email1@gmail.com'),
    (N'test_email2@gmail.com'),
    (N'test_email3@gmail.com');

--Add pokemon to some users
INSERT Pokemon.UserCreature(UserID, CreatureID, Nickname)
VALUES
    (1, 3, N'Homie G'),
    (1, 8, NULL),
    (1, 2, N'Buddy'),
    (1, 28, NULL),
    (2, 373, N'Im'),
    (2, 462, N'out'),
    (2, 643, N'of'),
    (2, 10, N'ideas'),
    (2, 43, NULL),
    (2, 575, NULL);